Campaign Type,Credit Score
Cross-network,0.5869538925380071
Search Network,0.19978231401606233
Display Network,0.015932735295636893
Search & content,0.027487768209733747
Shopping,0.061575017825388115
meta,0.10826827211517195
