Channel,Campaign_Type,Impressions,Clicks,Cost,Conversions,Revenue,Profit,Conversion_Rate,ROI
Google,Cross-network,37580588,441745,343674.0,23165.9,3166297.3,2822623.3,6.740661,8.213084
Google,Display Network,353827,11865,2951.7,108.1,18460.4,15508.7,3.662296,5.254159
Google,Search Network,1385843,149630,149558.8,12464.0,2330129.0,2180570.2,8.333846,14.580019
Microsoft,Search & content,136673,20193,26229.9,2790.0,505865.1,479635.2,10.636716,18.28581886
Microsoft,Shopping,3574331,45489,24572.2,1740.0,216138.7,191566.5,7.081173,7.79606629
Meta,Meta,3498822,72228,21829.9,2840.0,527936.6,506106.7,8.61646175,23.1841
